{"cameraMode":{"drawMode":0,"name":"Shaded","section":"Shading Mode"},"sceneLighting":true,"audioPlay":false,"sceneViewState":{"m_AlwaysRefresh":false,"showFog":true,"showSkybox":true,"showFlares":true,"showImageEffects":true,"showParticleSystems":true,"showVisualEffectGraphs":true,"m_FxEnabled":true},"in2DMode":false,"pivot":{"x":19.207012176513673,"y":2.4262783527374269,"z":0.6404609680175781},"rotation":{"x":0.07569894939661026,"y":-0.5141714811325073,"z":0.04562322795391083,"w":0.8531221747398377},"size":2.591583490371704,"orthographic":false}